id,section,content_en,content_te,image,map_url,a_in,i_ts,u_ts,d_ts
1,about,"Sri Shakthi Ganapathi Committee is a community organization dedicated to promoting cultural values and traditions. We organize various events and celebrations throughout the year, bringing together our community members in harmony and devotion.","శ్రీ శక్తి గణపతి కమిటీ అనేది సాంస్కృతిక విలువలు మరియు సంప్రదాయాలను ప్రోత్సహించడానికి అంకితమైన సమాజ సంస్థ. మేము సంవత్సరం పొడవునా వివిధ కార్యక్రమాలు మరియు వేడుకలను నిర్వహిస్తాము, మా సమాజ సభ్యులను సామరస్యం మరియు భక్తితో కలిపి ఉంచుతాము.",,,1,2026-08-06 11:45:07,,
2,mandapam,"Sri Shakthi Nilayam
D.No: 44-13-101, Pedda Veedhi,
Annapurnamma Peta,
Beside Nayi Brahmin Seva Sangam,
Rajamahendravaram - 533101.","శ్రీ శక్తి నిలయం
డి.నెం: 44-13-101, పెద్ద వీధి,
అన్నపూర్ణమ్మ పేట,
నాయీ బ్రాహ్మణ సేవా సంఘం పక్కన,
రాజమహేంద్రవరం - 533101.",,https://www.google.com/maps/search/?api=1&query=Sri%20Shakthi%20Nilayam%2C%20D.No%3A%2044-13-101%2C%20Annapurnamma%20Peta%2C%20Pedda%20Veedhi%2C%20Beside%20Nayi%20Brahmin%20Seva%20Sangam%2C%20Rajamahendravaram%20-%20533101,1,2026-08-06 11:45:07,,
3,festival,2026-09-14,2026-09-14,,,1,2026-08-06 11:45:07,,
